city,district,minority_group,minority_search_rate,n,state,white_search_rate
New Orleans,1,asian/pacific islander,0.03333333333333333,30,LA,0.0641573994867408
New Orleans,1,other/unknown,0.020833333333333332,48,LA,0.0641573994867408
New Orleans,1,black,0.11778523489932886,2980,LA,0.0641573994867408
New Orleans,1,hispanic,0.08144796380090498,221,LA,0.0641573994867408
New Orleans,2,asian/pacific islander,0.0,43,LA,0.07086614173228346
New Orleans,2,other/unknown,0.0,42,LA,0.07086614173228346
New Orleans,2,hispanic,0.0440251572327044,159,LA,0.07086614173228346
New Orleans,2,black,0.15047923322683707,3130,LA,0.07086614173228346
New Orleans,3,asian/pacific islander,0.0,54,LA,0.038992201559688064
New Orleans,3,hispanic,0.04522613065326633,199,LA,0.038992201559688064
New Orleans,3,black,0.08168442415017757,5913,LA,0.038992201559688064
New Orleans,3,other/unknown,0.028985507246376812,69,LA,0.038992201559688064
New Orleans,4,hispanic,0.043010752688172046,93,LA,0.039568345323741004
New Orleans,4,other/unknown,0.041666666666666664,24,LA,0.039568345323741004
New Orleans,4,black,0.1096938775510204,2744,LA,0.039568345323741004
New Orleans,4,asian/pacific islander,0.03333333333333333,60,LA,0.039568345323741004
New Orleans,5,hispanic,0.07692307692307693,65,LA,0.06873614190687362
New Orleans,5,other/unknown,0.0,22,LA,0.06873614190687362
New Orleans,5,asian/pacific islander,0.1111111111111111,9,LA,0.06873614190687362
New Orleans,5,black,0.0,1754,LA,0.06873614190687362
New Orleans,6,other/unknown,0.03076923076923077,130,LA,0.0501813784764208
New Orleans,6,asian/pacific islander,0.02,50,LA,0.0501813784764208
New Orleans,6,hispanic,0.04897959183673469,245,LA,0.0501813784764208
New Orleans,6,black,0.12250822527578865,5167,LA,0.0501813784764208
New Orleans,7,black,0.11642335766423358,2740,LA,0.11797752808988764
New Orleans,7,other/unknown,0.058823529411764705,17,LA,0.11797752808988764
New Orleans,7,asian/pacific islander,0.0,36,LA,0.11797752808988764
New Orleans,7,hispanic,0.05555555555555555,54,LA,0.11797752808988764
New Orleans,8,black,0.1451990632318501,1708,LA,0.09298085688240657
New Orleans,8,asian/pacific islander,0.0,38,LA,0.09298085688240657
New Orleans,8,hispanic,0.08108108108108109,111,LA,0.09298085688240657
New Orleans,8,other/unknown,0.019230769230769232,156,LA,0.09298085688240657
Philadelphia,11.0,asian/pacific islander,0.013921113689095127,431,PA,0.011111111111111112
Philadelphia,11.0,hispanic,0.029197080291970802,137,PA,0.011111111111111112
Philadelphia,11.0,black,0.03833634719710669,2765,PA,0.011111111111111112
Philadelphia,11.0,other/unknown,0.03389830508474576,59,PA,0.011111111111111112
Philadelphia,12.0,other/unknown,0.0,10,PA,0.011834319526627219
Philadelphia,12.0,black,0.032407407407407406,216,PA,0.011834319526627219
Philadelphia,12.0,asian/pacific islander,0.0,37,PA,0.011834319526627219
Philadelphia,12.0,hispanic,0.0,7,PA,0.011834319526627219
Philadelphia,21.0,black,0.02997560125479261,2869,PA,0.022928994082840236
Philadelphia,21.0,asian/pacific islander,0.013793103448275862,290,PA,0.022928994082840236
Philadelphia,21.0,hispanic,0.03589375448671931,1393,PA,0.022928994082840236
Philadelphia,21.0,other/unknown,0.08849557522123894,113,PA,0.022928994082840236
Philadelphia,22.0,other/unknown,0.020833333333333332,48,PA,0.03768844221105527
Philadelphia,22.0,black,0.05337286879169755,1349,PA,0.03768844221105527
Philadelphia,22.0,asian/pacific islander,0.025210084033613446,119,PA,0.03768844221105527
Philadelphia,22.0,hispanic,0.04678362573099415,342,PA,0.03768844221105527
Philadelphia,23.0,black,0.03051181102362205,1016,PA,0.028207461328480437
Philadelphia,23.0,other/unknown,0.06306306306306306,111,PA,0.028207461328480437
Philadelphia,23.0,hispanic,0.035629453681710214,421,PA,0.028207461328480437
Philadelphia,23.0,asian/pacific islander,0.0189873417721519,158,PA,0.028207461328480437
Philadelphia,31.0,other/unknown,0.012195121951219513,164,PA,0.011448196908986834
Philadelphia,31.0,hispanic,0.04205607476635514,214,PA,0.011448196908986834
Philadelphia,31.0,black,0.02759009009009009,1776,PA,0.011448196908986834
Philadelphia,31.0,asian/pacific islander,0.008,375,PA,0.011448196908986834
Philadelphia,32.0,hispanic,0.06451612903225806,186,PA,0.022745098039215685
Philadelphia,32.0,black,0.042704626334519574,843,PA,0.022745098039215685
Philadelphia,32.0,asian/pacific islander,0.014534883720930232,344,PA,0.022745098039215685
Philadelphia,32.0,other/unknown,0.0,72,PA,0.022745098039215685
Philadelphia,33.0,black,0.054371002132196165,938,PA,0.018005540166204988
Philadelphia,33.0,asian/pacific islander,0.025157232704402517,477,PA,0.018005540166204988
Philadelphia,33.0,hispanic,0.06030150753768844,199,PA,0.018005540166204988
Philadelphia,33.0,other/unknown,0.0,108,PA,0.018005540166204988
Philadelphia,51.0,black,0.0024154589371980675,414,PA,0.006578947368421052
Philadelphia,51.0,asian/pacific islander,0.0,47,PA,0.006578947368421052
Philadelphia,51.0,hispanic,0.0,59,PA,0.006578947368421052
Philadelphia,51.0,other/unknown,0.0,32,PA,0.006578947368421052
Philadelphia,52.0,hispanic,0.0,33,PA,0.013196480938416423
Philadelphia,52.0,asian/pacific islander,0.0,37,PA,0.013196480938416423
Philadelphia,52.0,other/unknown,0.0,25,PA,0.013196480938416423
Philadelphia,52.0,black,0.017921146953405017,279,PA,0.013196480938416423
Philadelphia,53.0,other/unknown,0.0,11,PA,0.0033222591362126247
Philadelphia,53.0,asian/pacific islander,0.0,10,PA,0.0033222591362126247
Philadelphia,53.0,black,0.006578947368421052,152,PA,0.0033222591362126247
Philadelphia,53.0,hispanic,0.0,13,PA,0.0033222591362126247
Philadelphia,61.0,black,0.04234527687296417,1535,PA,0.013039117352056168
Philadelphia,61.0,asian/pacific islander,0.014563106796116505,206,PA,0.013039117352056168
Philadelphia,61.0,other/unknown,0.045454545454545456,88,PA,0.013039117352056168
Philadelphia,61.0,hispanic,0.016260162601626018,246,PA,0.013039117352056168
Philadelphia,62.0,asian/pacific islander,0.0,191,PA,0.010279001468428781
Philadelphia,62.0,black,0.017064846416382253,586,PA,0.010279001468428781
Philadelphia,62.0,hispanic,0.041666666666666664,96,PA,0.010279001468428781
Philadelphia,62.0,other/unknown,0.0,75,PA,0.010279001468428781
Philadelphia,63.0,asian/pacific islander,0.0,66,PA,0.007407407407407408
Philadelphia,63.0,black,0.026570048309178744,414,PA,0.007407407407407408
Philadelphia,63.0,hispanic,0.03225806451612903,31,PA,0.007407407407407408
Philadelphia,63.0,other/unknown,0.0,44,PA,0.007407407407407408
Philadelphia,71.0,hispanic,0.04424778761061947,113,PA,0.014326647564469915
Philadelphia,71.0,asian/pacific islander,0.028169014084507043,71,PA,0.014326647564469915
Philadelphia,71.0,other/unknown,0.0,23,PA,0.014326647564469915
Philadelphia,71.0,black,0.009259259259259259,324,PA,0.014326647564469915
Philadelphia,72.0,other/unknown,0.0196078431372549,51,PA,0.010138248847926268
Philadelphia,72.0,asian/pacific islander,0.0,102,PA,0.010138248847926268
Philadelphia,72.0,black,0.0275,400,PA,0.010138248847926268
Philadelphia,72.0,hispanic,0.030612244897959183,98,PA,0.010138248847926268
Philadelphia,73.0,other/unknown,0.0,41,PA,0.006688963210702341
Philadelphia,73.0,asian/pacific islander,0.0,88,PA,0.006688963210702341
Philadelphia,73.0,hispanic,0.014285714285714285,70,PA,0.006688963210702341
Philadelphia,73.0,black,0.005681818181818182,176,PA,0.006688963210702341
Philadelphia,81.0,other/unknown,0.0,22,PA,0.012884753042233358
Philadelphia,81.0,asian/pacific islander,0.0,59,PA,0.012884753042233358
Philadelphia,81.0,hispanic,0.0,205,PA,0.012884753042233358
Philadelphia,81.0,black,0.013011152416356878,538,PA,0.012884753042233358
Philadelphia,82.0,asian/pacific islander,0.01818181818181818,55,PA,0.014354066985645933
Philadelphia,82.0,black,0.017543859649122806,513,PA,0.014354066985645933
Philadelphia,82.0,hispanic,0.016666666666666666,180,PA,0.014354066985645933
Philadelphia,82.0,other/unknown,0.0,37,PA,0.014354066985645933
Philadelphia,83.0,black,0.00980392156862745,306,PA,0.021616541353383457
Philadelphia,83.0,asian/pacific islander,0.0,39,PA,0.021616541353383457
Philadelphia,83.0,other/unknown,0.0,24,PA,0.021616541353383457
Philadelphia,83.0,hispanic,0.06557377049180328,122,PA,0.021616541353383457
Philadelphia,91.0,black,0.008097165991902834,741,PA,0.0028011204481792717
Philadelphia,91.0,asian/pacific islander,0.0,79,PA,0.0028011204481792717
Philadelphia,91.0,hispanic,0.0,69,PA,0.0028011204481792717
Philadelphia,91.0,other/unknown,0.0,53,PA,0.0028011204481792717
Philadelphia,92.0,hispanic,0.009523809523809525,105,PA,0.004266211604095563
Philadelphia,92.0,black,0.004016064257028112,1245,PA,0.004266211604095563
Philadelphia,92.0,asian/pacific islander,0.01935483870967742,155,PA,0.004266211604095563
Philadelphia,92.0,other/unknown,0.0,75,PA,0.004266211604095563
Philadelphia,93.0,hispanic,0.0,68,PA,0.014234875444839857
Philadelphia,93.0,asian/pacific islander,0.0,54,PA,0.014234875444839857
Philadelphia,93.0,black,0.01575757575757576,825,PA,0.014234875444839857
Philadelphia,93.0,other/unknown,0.0,47,PA,0.014234875444839857
Philadelphia,121.0,hispanic,0.04838709677419355,62,PA,0.0032679738562091504
Philadelphia,121.0,black,0.025254428948360347,2653,PA,0.0032679738562091504
Philadelphia,121.0,asian/pacific islander,0.043478260869565216,69,PA,0.0032679738562091504
Philadelphia,121.0,other/unknown,0.02,50,PA,0.0032679738562091504
Philadelphia,122.0,other/unknown,0.05357142857142857,56,PA,0.027624309392265192
Philadelphia,122.0,black,0.03602676273803397,3886,PA,0.027624309392265192
Philadelphia,122.0,hispanic,0.05,40,PA,0.027624309392265192
Philadelphia,122.0,asian/pacific islander,0.014925373134328358,134,PA,0.027624309392265192
Philadelphia,123.0,other/unknown,0.024390243902439025,82,PA,0.011235955056179775
Philadelphia,123.0,asian/pacific islander,0.0,157,PA,0.011235955056179775
Philadelphia,123.0,black,0.035765895953757225,5536,PA,0.011235955056179775
Philadelphia,123.0,hispanic,0.058823529411764705,68,PA,0.011235955056179775
Philadelphia,124.0,asian/pacific islander,0.0,70,PA,0.01056338028169014
Philadelphia,124.0,hispanic,0.04,75,PA,0.01056338028169014
Philadelphia,124.0,other/unknown,0.03333333333333333,60,PA,0.01056338028169014
Philadelphia,124.0,black,0.029454651501895596,6858,PA,0.01056338028169014
Philadelphia,141.0,black,0.08627881448957189,13665,PA,0.027923211169284468
Philadelphia,141.0,other/unknown,0.041237113402061855,97,PA,0.027923211169284468
Philadelphia,141.0,hispanic,0.047058823529411764,170,PA,0.027923211169284468
Philadelphia,141.0,asian/pacific islander,0.03296703296703297,91,PA,0.027923211169284468
Philadelphia,142.0,asian/pacific islander,0.03508771929824561,57,PA,0.02524271844660194
Philadelphia,142.0,other/unknown,0.09009009009009009,111,PA,0.02524271844660194
Philadelphia,142.0,hispanic,0.08947368421052632,190,PA,0.02524271844660194
Philadelphia,142.0,black,0.09149077613428619,12034,PA,0.02524271844660194
Philadelphia,143.0,other/unknown,0.0,15,PA,0.03260869565217391
Philadelphia,143.0,black,0.05552776388194097,1999,PA,0.03260869565217391
Philadelphia,143.0,asian/pacific islander,0.041666666666666664,24,PA,0.03260869565217391
Philadelphia,143.0,hispanic,0.02631578947368421,38,PA,0.03260869565217391
Philadelphia,144.0,asian/pacific islander,0.0,13,PA,0.010676156583629894
Philadelphia,144.0,other/unknown,0.0,17,PA,0.010676156583629894
Philadelphia,144.0,black,0.04357298474945534,918,PA,0.010676156583629894
Philadelphia,144.0,hispanic,0.125,16,PA,0.010676156583629894
Philadelphia,151.0,hispanic,0.05205278592375367,1364,PA,0.036741214057507986
Philadelphia,151.0,asian/pacific islander,0.006896551724137931,145,PA,0.036741214057507986
Philadelphia,151.0,other/unknown,0.025806451612903226,155,PA,0.036741214057507986
Philadelphia,151.0,black,0.07808433107756377,3842,PA,0.036741214057507986
Philadelphia,152.0,black,0.10040983606557377,976,PA,0.06593406593406594
Philadelphia,152.0,asian/pacific islander,0.0,56,PA,0.06593406593406594
Philadelphia,152.0,hispanic,0.0892018779342723,426,PA,0.06593406593406594
Philadelphia,152.0,other/unknown,0.046511627906976744,43,PA,0.06593406593406594
Philadelphia,153.0,hispanic,0.07755102040816327,245,PA,0.04918032786885246
Philadelphia,153.0,other/unknown,0.125,24,PA,0.04918032786885246
Philadelphia,153.0,black,0.0706896551724138,580,PA,0.04918032786885246
Philadelphia,153.0,asian/pacific islander,0.0,42,PA,0.04918032786885246
Philadelphia,161.0,other/unknown,0.05263157894736842,38,PA,0.011363636363636364
Philadelphia,161.0,black,0.0409804672539257,2611,PA,0.011363636363636364
Philadelphia,161.0,hispanic,0.0,74,PA,0.011363636363636364
Philadelphia,161.0,asian/pacific islander,0.0,72,PA,0.011363636363636364
Philadelphia,162.0,black,0.040452370595911266,4598,PA,0.006920415224913495
Philadelphia,162.0,hispanic,0.05555555555555555,54,PA,0.006920415224913495
Philadelphia,162.0,asian/pacific islander,0.0,47,PA,0.006920415224913495
Philadelphia,162.0,other/unknown,0.015384615384615385,65,PA,0.006920415224913495
Philadelphia,171.0,asian/pacific islander,0.0234375,128,PA,0.019230769230769232
Philadelphia,171.0,hispanic,0.13953488372093023,86,PA,0.019230769230769232
Philadelphia,171.0,black,0.05853994490358127,1452,PA,0.019230769230769232
Philadelphia,171.0,other/unknown,0.0,72,PA,0.019230769230769232
Philadelphia,172.0,asian/pacific islander,0.03349282296650718,209,PA,0.0362400906002265
Philadelphia,172.0,other/unknown,0.018867924528301886,53,PA,0.0362400906002265
Philadelphia,172.0,hispanic,0.060240963855421686,166,PA,0.0362400906002265
Philadelphia,172.0,black,0.0794820717131474,5020,PA,0.0362400906002265
Philadelphia,173.0,asian/pacific islander,0.05,120,PA,0.027426160337552744
Philadelphia,173.0,hispanic,0.10810810810810811,74,PA,0.027426160337552744
Philadelphia,173.0,other/unknown,0.0,31,PA,0.027426160337552744
Philadelphia,173.0,black,0.07177886758805171,2243,PA,0.027426160337552744
Philadelphia,181.0,black,0.04215189873417721,7900,PA,0.04148471615720524
Philadelphia,181.0,hispanic,0.04054054054054054,74,PA,0.04148471615720524
Philadelphia,181.0,asian/pacific islander,0.025423728813559324,118,PA,0.04148471615720524
Philadelphia,181.0,other/unknown,0.020202020202020204,99,PA,0.04148471615720524
Philadelphia,182.0,hispanic,0.024096385542168676,83,PA,0.025404157043879907
Philadelphia,182.0,black,0.049914432401597264,7012,PA,0.025404157043879907
Philadelphia,182.0,asian/pacific islander,0.039603960396039604,101,PA,0.025404157043879907
Philadelphia,182.0,other/unknown,0.021052631578947368,95,PA,0.025404157043879907
Philadelphia,183.0,other/unknown,0.0,68,PA,0.021897810218978103
Philadelphia,183.0,black,0.03189341945902301,2477,PA,0.021897810218978103
Philadelphia,183.0,asian/pacific islander,0.007246376811594203,138,PA,0.021897810218978103
Philadelphia,183.0,hispanic,0.08108108108108109,37,PA,0.021897810218978103
Philadelphia,191.0,other/unknown,0.015625,64,PA,0.04700854700854701
Philadelphia,191.0,hispanic,0.07462686567164178,67,PA,0.04700854700854701
Philadelphia,191.0,asian/pacific islander,0.0,78,PA,0.04700854700854701
Philadelphia,191.0,black,0.056703118671526935,4938,PA,0.04700854700854701
Philadelphia,192.0,hispanic,0.02127659574468085,141,PA,0.05714285714285714
Philadelphia,192.0,black,0.07151460403492924,13284,PA,0.05714285714285714
Philadelphia,192.0,other/unknown,0.03418803418803419,117,PA,0.05714285714285714
Philadelphia,192.0,asian/pacific islander,0.04424778761061947,113,PA,0.05714285714285714
Philadelphia,193.0,asian/pacific islander,0.0,44,PA,0.044715447154471545
Philadelphia,193.0,hispanic,0.0,39,PA,0.044715447154471545
Philadelphia,193.0,other/unknown,0.0,28,PA,0.044715447154471545
Philadelphia,193.0,black,0.06848841231407818,2891,PA,0.044715447154471545
Philadelphia,221.0,other/unknown,0.0,99,PA,0.021528525296017224
Philadelphia,221.0,asian/pacific islander,0.0,129,PA,0.021528525296017224
Philadelphia,221.0,black,0.06820935304094984,8254,PA,0.021528525296017224
Philadelphia,221.0,hispanic,0.05825242718446602,309,PA,0.021528525296017224
Philadelphia,222.0,black,0.06164596273291925,6440,PA,0.031746031746031744
Philadelphia,222.0,asian/pacific islander,0.0,57,PA,0.031746031746031744
Philadelphia,222.0,hispanic,0.011627906976744186,172,PA,0.031746031746031744
Philadelphia,222.0,other/unknown,0.046153846153846156,65,PA,0.031746031746031744
Philadelphia,223.0,other/unknown,0.045454545454545456,66,PA,0.01364522417153996
Philadelphia,223.0,black,0.04206675811614083,2187,PA,0.01364522417153996
Philadelphia,223.0,asian/pacific islander,0.039603960396039604,101,PA,0.01364522417153996
Philadelphia,223.0,hispanic,0.05660377358490566,106,PA,0.01364522417153996
Philadelphia,224.0,black,0.04560697518443997,1491,PA,0.013245033112582781
Philadelphia,224.0,other/unknown,0.0,22,PA,0.013245033112582781
Philadelphia,224.0,hispanic,0.0,29,PA,0.013245033112582781
Philadelphia,224.0,asian/pacific islander,0.0,21,PA,0.013245033112582781
Philadelphia,241.0,hispanic,0.05596707818930041,2430,PA,0.08415300546448087
Philadelphia,241.0,black,0.08466603951081844,2126,PA,0.08415300546448087
Philadelphia,241.0,asian/pacific islander,0.02912621359223301,103,PA,0.08415300546448087
Philadelphia,241.0,other/unknown,0.05426356589147287,129,PA,0.08415300546448087
Philadelphia,242.0,black,0.05672659640421575,3226,PA,0.0673289183222958
Philadelphia,242.0,hispanic,0.04334104775930991,4753,PA,0.0673289183222958
Philadelphia,242.0,other/unknown,0.05194805194805195,231,PA,0.0673289183222958
Philadelphia,242.0,asian/pacific islander,0.031413612565445025,191,PA,0.0673289183222958
Philadelphia,243.0,other/unknown,0.0,19,PA,0.09913793103448276
Philadelphia,243.0,hispanic,0.07038123167155426,341,PA,0.09913793103448276
Philadelphia,243.0,asian/pacific islander,0.0,21,PA,0.09913793103448276
Philadelphia,243.0,black,0.05090909090909091,275,PA,0.09913793103448276
Philadelphia,251.0,hispanic,0.058287795992714025,2745,PA,0.05603448275862069
Philadelphia,251.0,asian/pacific islander,0.010869565217391304,92,PA,0.05603448275862069
Philadelphia,251.0,black,0.07998915401301518,3688,PA,0.05603448275862069
Philadelphia,251.0,other/unknown,0.032520325203252036,123,PA,0.05603448275862069
Philadelphia,252.0,asian/pacific islander,0.046875,64,PA,0.044709388971684055
Philadelphia,252.0,black,0.0814663951120163,1473,PA,0.044709388971684055
Philadelphia,252.0,hispanic,0.04584352078239609,1636,PA,0.044709388971684055
Philadelphia,252.0,other/unknown,0.06521739130434782,92,PA,0.044709388971684055
Philadelphia,253.0,hispanic,0.06533718184203621,3811,PA,0.10190664036817883
Philadelphia,253.0,other/unknown,0.05581395348837209,215,PA,0.10190664036817883
Philadelphia,253.0,asian/pacific islander,0.0641025641025641,78,PA,0.10190664036817883
Philadelphia,253.0,black,0.08236434108527131,2064,PA,0.10190664036817883
Philadelphia,254.0,black,0.06117533718689788,2076,PA,0.0846774193548387
Philadelphia,254.0,hispanic,0.053501945525291826,1028,PA,0.0846774193548387
Philadelphia,254.0,other/unknown,0.016129032258064516,62,PA,0.0846774193548387
Philadelphia,254.0,asian/pacific islander,0.021739130434782608,46,PA,0.0846774193548387
Philadelphia,261.0,hispanic,0.03831168831168831,1540,PA,0.03927068723702665
Philadelphia,261.0,asian/pacific islander,0.0392156862745098,51,PA,0.03927068723702665
Philadelphia,261.0,black,0.04365345869711216,1489,PA,0.03927068723702665
Philadelphia,261.0,other/unknown,0.024390243902439025,41,PA,0.03927068723702665
Philadelphia,262.0,black,0.03125,640,PA,0.033210332103321034
Philadelphia,262.0,asian/pacific islander,0.0,50,PA,0.033210332103321034
Philadelphia,262.0,other/unknown,0.02564102564102564,39,PA,0.033210332103321034
Philadelphia,262.0,hispanic,0.04050632911392405,395,PA,0.033210332103321034
Philadelphia,263.0,asian/pacific islander,0.013888888888888888,72,PA,0.037525354969574036
Philadelphia,263.0,other/unknown,0.034482758620689655,29,PA,0.037525354969574036
Philadelphia,263.0,black,0.03474320241691843,662,PA,0.037525354969574036
Philadelphia,263.0,hispanic,0.027944111776447105,501,PA,0.037525354969574036
Philadelphia,351.0,black,0.0594059405940594,5454,PA,0.0319634703196347
Philadelphia,351.0,asian/pacific islander,0.05723905723905724,297,PA,0.0319634703196347
Philadelphia,351.0,other/unknown,0.045454545454545456,88,PA,0.0319634703196347
Philadelphia,351.0,hispanic,0.032454361054766734,493,PA,0.0319634703196347
Philadelphia,352.0,black,0.08345667767277695,8783,PA,0.05792163543441227
Philadelphia,352.0,hispanic,0.07053469852104664,879,PA,0.05792163543441227
Philadelphia,352.0,other/unknown,0.07575757575757576,132,PA,0.05792163543441227
Philadelphia,352.0,asian/pacific islander,0.07746478873239436,284,PA,0.05792163543441227
Philadelphia,353.0,other/unknown,0.056179775280898875,89,PA,0.02097902097902098
Philadelphia,353.0,hispanic,0.05813953488372093,172,PA,0.02097902097902098
Philadelphia,353.0,black,0.09911203969704883,7658,PA,0.02097902097902098
Philadelphia,353.0,asian/pacific islander,0.018867924528301886,53,PA,0.02097902097902098
Philadelphia,391.0,hispanic,0.026490066225165563,151,PA,0.013071895424836602
Philadelphia,391.0,black,0.048909451421017845,4539,PA,0.013071895424836602
Philadelphia,391.0,asian/pacific islander,0.013333333333333334,75,PA,0.013071895424836602
Philadelphia,391.0,other/unknown,0.014705882352941176,68,PA,0.013071895424836602
Philadelphia,392.0,hispanic,0.025423728813559324,236,PA,0.09029345372460497
Philadelphia,392.0,other/unknown,0.06153846153846154,65,PA,0.09029345372460497
Philadelphia,392.0,asian/pacific islander,0.0,61,PA,0.09029345372460497
Philadelphia,392.0,black,0.0518816787982035,6457,PA,0.09029345372460497
Philadelphia,393.0,hispanic,0.04017857142857143,224,PA,0.0410958904109589
Philadelphia,393.0,other/unknown,0.017857142857142856,56,PA,0.0410958904109589
Philadelphia,393.0,black,0.03709591944886063,7548,PA,0.0410958904109589
Philadelphia,393.0,asian/pacific islander,0.04225352112676056,71,PA,0.0410958904109589
Philadelphia,7700.0,black,0.7220338983050848,295,PA,0.8357289527720739
Philadelphia,7700.0,asian/pacific islander,0.5633802816901409,71,PA,0.8357289527720739
Philadelphia,7700.0,hispanic,0.7307692307692307,52,PA,0.8357289527720739
Philadelphia,7700.0,other/unknown,0.7692307692307693,26,PA,0.8357289527720739
San Antonio,2110.0,asian/pacific islander,0.0,38,TX,0.015136226034308779
San Antonio,2110.0,other/unknown,0.0,52,TX,0.015136226034308779
San Antonio,2110.0,hispanic,0.005500550055005501,909,TX,0.015136226034308779
San Antonio,2110.0,black,0.007633587786259542,262,TX,0.015136226034308779
San Antonio,2120.0,other/unknown,0.03571428571428571,28,TX,0.019927536231884056
San Antonio,2120.0,black,0.015384615384615385,195,TX,0.019927536231884056
San Antonio,2120.0,hispanic,0.011443661971830986,1136,TX,0.019927536231884056
San Antonio,2120.0,asian/pacific islander,0.0,10,TX,0.019927536231884056
San Antonio,2130.0,black,0.03225806451612903,62,TX,0.056179775280898875
San Antonio,2130.0,hispanic,0.0,147,TX,0.056179775280898875
San Antonio,2130.0,other/unknown,0.0,3,TX,0.056179775280898875
San Antonio,2130.0,asian/pacific islander,0.0,1,TX,0.056179775280898875
San Antonio,2140.0,black,0.0,40,TX,0.06666666666666667
San Antonio,2140.0,asian/pacific islander,0.0,2,TX,0.06666666666666667
San Antonio,2140.0,other/unknown,0.0,6,TX,0.06666666666666667
San Antonio,2140.0,hispanic,0.02834008097165992,247,TX,0.06666666666666667
San Antonio,2150.0,other/unknown,0.0,8,TX,0.0037313432835820895
San Antonio,2150.0,asian/pacific islander,0.0,5,TX,0.0037313432835820895
San Antonio,2150.0,hispanic,0.0064516129032258064,930,TX,0.0037313432835820895
San Antonio,2150.0,black,0.0,77,TX,0.0037313432835820895
San Antonio,2160.0,hispanic,0.01615798922800718,557,TX,0.025547445255474453
San Antonio,2160.0,other/unknown,0.0,9,TX,0.025547445255474453
San Antonio,2160.0,asian/pacific islander,0.0,5,TX,0.025547445255474453
San Antonio,2160.0,black,0.0,66,TX,0.025547445255474453
San Antonio,2210.0,hispanic,0.02064896755162242,339,TX,0.020512820512820513
San Antonio,2210.0,other/unknown,0.0,10,TX,0.020512820512820513
San Antonio,2210.0,black,0.0,43,TX,0.020512820512820513
San Antonio,2210.0,asian/pacific islander,0.0,1,TX,0.020512820512820513
San Antonio,2220.0,black,0.057692307692307696,52,TX,0.011811023622047244
San Antonio,2220.0,hispanic,0.012658227848101266,395,TX,0.011811023622047244
San Antonio,2220.0,other/unknown,0.0,13,TX,0.011811023622047244
San Antonio,2220.0,asian/pacific islander,0.0,8,TX,0.011811023622047244
San Antonio,2230.0,black,0.0,47,TX,0.0
San Antonio,2230.0,hispanic,0.013289036544850499,301,TX,0.0
San Antonio,2230.0,other/unknown,0.0,7,TX,0.0
San Antonio,2230.0,asian/pacific islander,0.0,6,TX,0.0
San Antonio,2240.0,other/unknown,0.0,33,TX,0.030303030303030304
San Antonio,2240.0,hispanic,0.023972602739726026,584,TX,0.030303030303030304
San Antonio,2240.0,black,0.0,33,TX,0.030303030303030304
San Antonio,2250.0,other/unknown,0.0,8,TX,0.04046242774566474
San Antonio,2250.0,hispanic,0.005434782608695652,368,TX,0.04046242774566474
San Antonio,2250.0,black,0.0,33,TX,0.04046242774566474
San Antonio,2250.0,asian/pacific islander,0.0,2,TX,0.04046242774566474
San Antonio,2260.0,asian/pacific islander,0.0,21,TX,0.019444444444444445
San Antonio,2260.0,black,0.02608695652173913,115,TX,0.019444444444444445
San Antonio,2260.0,other/unknown,0.0,19,TX,0.019444444444444445
San Antonio,2260.0,hispanic,0.02217741935483871,496,TX,0.019444444444444445
San Antonio,2310.0,asian/pacific islander,0.0,1,TX,0.05851063829787234
San Antonio,2310.0,other/unknown,0.0,4,TX,0.05851063829787234
San Antonio,2310.0,black,0.019230769230769232,52,TX,0.05851063829787234
San Antonio,2310.0,hispanic,0.013636363636363636,440,TX,0.05851063829787234
San Antonio,2320.0,hispanic,0.027131782945736434,774,TX,0.12389380530973451
San Antonio,2320.0,asian/pacific islander,0.0,1,TX,0.12389380530973451
San Antonio,2320.0,black,0.11864406779661017,59,TX,0.12389380530973451
San Antonio,2320.0,other/unknown,0.0,15,TX,0.12389380530973451
San Antonio,2330.0,hispanic,0.013013013013013013,999,TX,0.08070175438596491
San Antonio,2330.0,black,0.0,138,TX,0.08070175438596491
San Antonio,2330.0,asian/pacific islander,0.0,4,TX,0.08070175438596491
San Antonio,2330.0,other/unknown,0.0,20,TX,0.08070175438596491
San Antonio,2340.0,black,0.0,64,TX,0.025806451612903226
San Antonio,2340.0,asian/pacific islander,0.0,4,TX,0.025806451612903226
San Antonio,2340.0,hispanic,0.016,1125,TX,0.025806451612903226
San Antonio,2340.0,other/unknown,0.0,7,TX,0.025806451612903226
San Antonio,2350.0,hispanic,0.03829160530191458,679,TX,0.061224489795918366
San Antonio,2350.0,black,0.045454545454545456,22,TX,0.061224489795918366
San Antonio,2350.0,other/unknown,0.0,7,TX,0.061224489795918366
San Antonio,2360.0,hispanic,0.027580071174377226,1124,TX,0.0749063670411985
San Antonio,2360.0,other/unknown,0.0,20,TX,0.0749063670411985
San Antonio,2360.0,black,0.022727272727272728,88,TX,0.0749063670411985
San Antonio,3110.0,hispanic,0.0,128,TX,0.045871559633027525
San Antonio,3110.0,other/unknown,0.0,1,TX,0.045871559633027525
San Antonio,3110.0,black,0.0,33,TX,0.045871559633027525
San Antonio,3120.0,hispanic,0.00468384074941452,427,TX,0.007246376811594203
San Antonio,3120.0,other/unknown,0.0,8,TX,0.007246376811594203
San Antonio,3120.0,asian/pacific islander,0.0,4,TX,0.007246376811594203
San Antonio,3120.0,black,0.0,72,TX,0.007246376811594203
San Antonio,3130.0,asian/pacific islander,0.0,9,TX,0.003134796238244514
San Antonio,3130.0,other/unknown,0.0,8,TX,0.003134796238244514
San Antonio,3130.0,black,0.0,45,TX,0.003134796238244514
San Antonio,3130.0,hispanic,0.007326007326007326,273,TX,0.003134796238244514
San Antonio,3140.0,asian/pacific islander,0.0,6,TX,0.004073319755600814
San Antonio,3140.0,black,0.014084507042253521,71,TX,0.004073319755600814
San Antonio,3140.0,hispanic,0.011204481792717087,357,TX,0.004073319755600814
San Antonio,3140.0,other/unknown,0.0,12,TX,0.004073319755600814
San Antonio,3150.0,black,0.0,197,TX,0.003816793893129771
San Antonio,3150.0,other/unknown,0.02702702702702703,37,TX,0.003816793893129771
San Antonio,3150.0,hispanic,0.0014124293785310734,708,TX,0.003816793893129771
San Antonio,3150.0,asian/pacific islander,0.0,41,TX,0.003816793893129771
San Antonio,3160.0,other/unknown,0.0,11,TX,0.017605633802816902
San Antonio,3160.0,hispanic,0.0,193,TX,0.017605633802816902
San Antonio,3160.0,asian/pacific islander,0.0,4,TX,0.017605633802816902
San Antonio,3160.0,black,0.0,44,TX,0.017605633802816902
San Antonio,3170.0,hispanic,0.0,208,TX,0.0037313432835820895
San Antonio,3170.0,asian/pacific islander,0.0,19,TX,0.0037313432835820895
San Antonio,3170.0,other/unknown,0.0,13,TX,0.0037313432835820895
San Antonio,3170.0,black,0.0,42,TX,0.0037313432835820895
San Antonio,3210.0,black,0.009259259259259259,108,TX,0.026923076923076925
San Antonio,3210.0,asian/pacific islander,0.0,6,TX,0.026923076923076925
San Antonio,3210.0,other/unknown,0.0,10,TX,0.026923076923076925
San Antonio,3210.0,hispanic,0.0,272,TX,0.026923076923076925
San Antonio,3220.0,black,0.0,35,TX,0.04938271604938271
San Antonio,3220.0,other/unknown,0.0,5,TX,0.04938271604938271
San Antonio,3220.0,asian/pacific islander,0.0,5,TX,0.04938271604938271
San Antonio,3220.0,hispanic,0.06896551724137931,116,TX,0.04938271604938271
San Antonio,3230.0,asian/pacific islander,0.0,4,TX,0.03684210526315789
San Antonio,3230.0,hispanic,0.0,268,TX,0.03684210526315789
San Antonio,3230.0,other/unknown,0.0,5,TX,0.03684210526315789
San Antonio,3230.0,black,0.009523809523809525,105,TX,0.03684210526315789
San Antonio,3240.0,black,0.0,62,TX,0.04048582995951417
San Antonio,3240.0,hispanic,0.01485148514851485,202,TX,0.04048582995951417
San Antonio,3240.0,other/unknown,0.0,7,TX,0.04048582995951417
San Antonio,3240.0,asian/pacific islander,0.0,5,TX,0.04048582995951417
San Antonio,3250.0,black,0.01652892561983471,121,TX,0.03225806451612903
San Antonio,3250.0,other/unknown,0.0,6,TX,0.03225806451612903
San Antonio,3250.0,asian/pacific islander,0.0,8,TX,0.03225806451612903
San Antonio,3250.0,hispanic,0.003703703703703704,270,TX,0.03225806451612903
San Antonio,3260.0,black,0.01652892561983471,121,TX,0.01616161616161616
San Antonio,3260.0,hispanic,0.0,467,TX,0.01616161616161616
San Antonio,3260.0,other/unknown,0.0,19,TX,0.01616161616161616
San Antonio,3260.0,asian/pacific islander,0.0,26,TX,0.01616161616161616
San Antonio,3310.0,other/unknown,0.0,25,TX,0.0213903743315508
San Antonio,3310.0,asian/pacific islander,0.0,9,TX,0.0213903743315508
San Antonio,3310.0,black,0.019230769230769232,104,TX,0.0213903743315508
San Antonio,3310.0,hispanic,0.01122334455667789,891,TX,0.0213903743315508
San Antonio,3320.0,asian/pacific islander,0.0,84,TX,0.003766478342749529
San Antonio,3320.0,black,0.007518796992481203,798,TX,0.003766478342749529
San Antonio,3320.0,hispanic,0.003581376840429765,2513,TX,0.003766478342749529
San Antonio,3320.0,other/unknown,0.0,82,TX,0.003766478342749529
San Antonio,3330.0,black,0.0,399,TX,0.005945303210463734
San Antonio,3330.0,other/unknown,0.07142857142857142,42,TX,0.005945303210463734
San Antonio,3330.0,hispanic,0.004136504653567736,967,TX,0.005945303210463734
San Antonio,3330.0,asian/pacific islander,0.0,43,TX,0.005945303210463734
San Antonio,3340.0,hispanic,0.009569377990430622,209,TX,0.01048951048951049
San Antonio,3340.0,other/unknown,0.0,7,TX,0.01048951048951049
San Antonio,3340.0,black,0.03508771929824561,114,TX,0.01048951048951049
San Antonio,3340.0,asian/pacific islander,0.0,16,TX,0.01048951048951049
San Antonio,3350.0,hispanic,0.045454545454545456,308,TX,0.006389776357827476
San Antonio,3350.0,black,0.11,100,TX,0.006389776357827476
San Antonio,3350.0,asian/pacific islander,0.0,9,TX,0.006389776357827476
San Antonio,3350.0,other/unknown,0.0,14,TX,0.006389776357827476
San Antonio,3360.0,asian/pacific islander,0.0,17,TX,0.004672897196261682
San Antonio,3360.0,hispanic,0.0038095238095238095,525,TX,0.004672897196261682
San Antonio,3360.0,other/unknown,0.0,22,TX,0.004672897196261682
San Antonio,3360.0,black,0.024390243902439025,123,TX,0.004672897196261682
San Antonio,3370.0,asian/pacific islander,0.0,1,TX,0.06451612903225806
San Antonio,3370.0,other/unknown,0.0,2,TX,0.06451612903225806
San Antonio,3370.0,black,0.03773584905660377,53,TX,0.06451612903225806
San Antonio,3370.0,hispanic,0.060240963855421686,83,TX,0.06451612903225806
San Antonio,4110.0,asian/pacific islander,0.0,1,TX,0.015625
San Antonio,4110.0,black,0.06790123456790123,162,TX,0.015625
San Antonio,4110.0,other/unknown,0.0,7,TX,0.015625
San Antonio,4110.0,hispanic,0.006382978723404255,470,TX,0.015625
San Antonio,4120.0,other/unknown,0.0,12,TX,0.018442622950819672
San Antonio,4120.0,hispanic,0.003798670465337132,2106,TX,0.018442622950819672
San Antonio,4120.0,black,0.0,288,TX,0.018442622950819672
San Antonio,4120.0,asian/pacific islander,0.0,17,TX,0.018442622950819672
San Antonio,4130.0,black,0.07692307692307693,221,TX,0.00909090909090909
San Antonio,4130.0,hispanic,0.004694835680751174,426,TX,0.00909090909090909
San Antonio,4130.0,asian/pacific islander,0.0,17,TX,0.00909090909090909
San Antonio,4140.0,other/unknown,0.0,6,TX,0.06547619047619048
San Antonio,4140.0,hispanic,0.046875,320,TX,0.06547619047619048
San Antonio,4140.0,asian/pacific islander,0.0,1,TX,0.06547619047619048
San Antonio,4140.0,black,0.03125,160,TX,0.06547619047619048
San Antonio,4150.0,other/unknown,0.0,9,TX,0.02100840336134454
San Antonio,4150.0,black,0.041666666666666664,96,TX,0.02100840336134454
San Antonio,4150.0,hispanic,0.002369668246445498,844,TX,0.02100840336134454
San Antonio,4150.0,asian/pacific islander,0.0,3,TX,0.02100840336134454
San Antonio,4160.0,other/unknown,0.0,32,TX,0.0
San Antonio,4160.0,black,0.027777777777777776,360,TX,0.0
San Antonio,4160.0,asian/pacific islander,0.0,20,TX,0.0
San Antonio,4160.0,hispanic,0.005141388174807198,1167,TX,0.0
San Antonio,4210.0,other/unknown,0.0,5,TX,0.030534351145038167
San Antonio,4210.0,black,0.025210084033613446,119,TX,0.030534351145038167
San Antonio,4210.0,hispanic,0.02997275204359673,367,TX,0.030534351145038167
San Antonio,4220.0,other/unknown,0.0,8,TX,0.10256410256410256
San Antonio,4220.0,black,0.08163265306122448,49,TX,0.10256410256410256
San Antonio,4220.0,hispanic,0.031578947368421054,285,TX,0.10256410256410256
San Antonio,4230.0,black,0.08974358974358974,156,TX,0.0
San Antonio,4230.0,other/unknown,0.0,1,TX,0.0
San Antonio,4230.0,hispanic,0.005434782608695652,184,TX,0.0
San Antonio,4230.0,asian/pacific islander,0.0,1,TX,0.0
San Antonio,4240.0,hispanic,0.0,887,TX,0.004830917874396135
San Antonio,4240.0,black,0.02214022140221402,271,TX,0.004830917874396135
San Antonio,4240.0,asian/pacific islander,0.0,19,TX,0.004830917874396135
San Antonio,4240.0,other/unknown,0.0,26,TX,0.004830917874396135
San Antonio,4250.0,other/unknown,0.0,5,TX,0.01834862385321101
San Antonio,4250.0,black,0.08974358974358974,78,TX,0.01834862385321101
San Antonio,4250.0,hispanic,0.051094890510948905,137,TX,0.01834862385321101
San Antonio,4250.0,asian/pacific islander,0.0,1,TX,0.01834862385321101
San Antonio,4260.0,black,0.0410958904109589,73,TX,0.0
San Antonio,4260.0,hispanic,0.03816793893129771,393,TX,0.0
San Antonio,4260.0,asian/pacific islander,0.0,2,TX,0.0
San Antonio,4310.0,other/unknown,0.0,69,TX,0.006881948120698782
San Antonio,4310.0,hispanic,0.0018726591760299626,2136,TX,0.006881948120698782
San Antonio,4310.0,black,0.012364760432766615,647,TX,0.006881948120698782
San Antonio,4310.0,asian/pacific islander,0.0,53,TX,0.006881948120698782
San Antonio,4320.0,hispanic,0.027777777777777776,36,TX,0.10256410256410256
San Antonio,4320.0,black,0.0,23,TX,0.10256410256410256
San Antonio,4320.0,other/unknown,0.0,1,TX,0.10256410256410256
San Antonio,4320.0,asian/pacific islander,0.0,1,TX,0.10256410256410256
San Antonio,4330.0,other/unknown,0.2727272727272727,11,TX,0.014634146341463415
San Antonio,4330.0,black,0.0,195,TX,0.014634146341463415
San Antonio,4330.0,hispanic,0.005194805194805195,385,TX,0.014634146341463415
San Antonio,4330.0,asian/pacific islander,0.0,9,TX,0.014634146341463415
San Antonio,4340.0,other/unknown,0.0,7,TX,0.00625
San Antonio,4340.0,asian/pacific islander,0.0,9,TX,0.00625
San Antonio,4340.0,hispanic,0.009868421052631578,304,TX,0.00625
San Antonio,4340.0,black,0.0,107,TX,0.00625
San Antonio,4350.0,hispanic,0.005226480836236934,574,TX,0.0
San Antonio,4350.0,black,0.0029498525073746312,339,TX,0.0
San Antonio,4350.0,asian/pacific islander,0.0,42,TX,0.0
San Antonio,4350.0,other/unknown,0.11764705882352941,17,TX,0.0
San Antonio,4360.0,hispanic,0.007957559681697613,377,TX,0.006968641114982578
San Antonio,4360.0,black,0.052083333333333336,192,TX,0.006968641114982578
San Antonio,4360.0,other/unknown,0.0,16,TX,0.006968641114982578
San Antonio,4360.0,asian/pacific islander,0.0,9,TX,0.006968641114982578
San Antonio,5110.0,hispanic,0.00906344410876133,331,TX,0.03937007874015748
San Antonio,5110.0,black,0.15,20,TX,0.03937007874015748
San Antonio,5110.0,other/unknown,0.0,8,TX,0.03937007874015748
San Antonio,5110.0,asian/pacific islander,0.0,1,TX,0.03937007874015748
San Antonio,5120.0,hispanic,0.0036463081130355514,1097,TX,0.0
San Antonio,5120.0,other/unknown,0.0,11,TX,0.0
San Antonio,5120.0,asian/pacific islander,0.0,14,TX,0.0
San Antonio,5120.0,black,0.0,156,TX,0.0
San Antonio,5130.0,hispanic,0.0273972602739726,365,TX,0.031007751937984496
San Antonio,5130.0,black,0.0,12,TX,0.031007751937984496
San Antonio,5130.0,other/unknown,0.0,3,TX,0.031007751937984496
San Antonio,5140.0,other/unknown,0.0,12,TX,0.01282051282051282
San Antonio,5140.0,black,0.007575757575757576,132,TX,0.01282051282051282
San Antonio,5140.0,hispanic,0.006261740763932373,1597,TX,0.01282051282051282
San Antonio,5140.0,asian/pacific islander,0.0,9,TX,0.01282051282051282
San Antonio,5150.0,asian/pacific islander,0.0,34,TX,0.002486016159105034
San Antonio,5150.0,black,0.0018832391713747645,531,TX,0.002486016159105034
San Antonio,5150.0,other/unknown,0.0,26,TX,0.002486016159105034
San Antonio,5150.0,hispanic,0.00078125,2560,TX,0.002486016159105034
San Antonio,5160.0,black,0.0,92,TX,0.012461059190031152
San Antonio,5160.0,asian/pacific islander,0.0,4,TX,0.012461059190031152
San Antonio,5160.0,other/unknown,0.0,11,TX,0.012461059190031152
San Antonio,5160.0,hispanic,0.030181086519114688,497,TX,0.012461059190031152
San Antonio,5170.0,hispanic,0.002257336343115124,443,TX,0.027237354085603113
San Antonio,5170.0,black,0.0,60,TX,0.027237354085603113
San Antonio,5170.0,other/unknown,0.3,10,TX,0.027237354085603113
San Antonio,5170.0,asian/pacific islander,0.0,5,TX,0.027237354085603113
San Antonio,5210.0,hispanic,0.00641025641025641,468,TX,0.034482758620689655
San Antonio,5210.0,black,0.06896551724137931,29,TX,0.034482758620689655
San Antonio,5210.0,other/unknown,0.0,8,TX,0.034482758620689655
San Antonio,5220.0,hispanic,0.001392757660167131,1436,TX,0.0
San Antonio,5220.0,black,0.01,100,TX,0.0
San Antonio,5220.0,asian/pacific islander,0.0,13,TX,0.0
San Antonio,5220.0,other/unknown,0.0,33,TX,0.0
San Antonio,5230.0,black,0.0,10,TX,0.0
San Antonio,5230.0,other/unknown,0.0,6,TX,0.0
San Antonio,5230.0,hispanic,0.0,83,TX,0.0
San Antonio,5240.0,asian/pacific islander,0.0,4,TX,0.021645021645021644
San Antonio,5240.0,hispanic,0.009029345372460496,443,TX,0.021645021645021644
San Antonio,5240.0,other/unknown,0.0,11,TX,0.021645021645021644
San Antonio,5240.0,black,0.0,58,TX,0.021645021645021644
San Antonio,5250.0,black,0.0,18,TX,0.03007518796992481
San Antonio,5250.0,hispanic,0.003992015968063872,501,TX,0.03007518796992481
San Antonio,5250.0,asian/pacific islander,0.0,2,TX,0.03007518796992481
San Antonio,5250.0,other/unknown,0.0,7,TX,0.03007518796992481
San Antonio,5260.0,hispanic,0.013291634089132134,1279,TX,0.007655502392344498
San Antonio,5260.0,asian/pacific islander,0.0,40,TX,0.007655502392344498
San Antonio,5260.0,black,0.0029850746268656717,335,TX,0.007655502392344498
San Antonio,5260.0,other/unknown,0.0,30,TX,0.007655502392344498
San Antonio,5270.0,hispanic,0.009859154929577466,710,TX,0.0
San Antonio,5270.0,asian/pacific islander,0.0,18,TX,0.0
San Antonio,5270.0,black,0.015037593984962405,133,TX,0.0
San Antonio,5270.0,other/unknown,0.0,20,TX,0.0
San Antonio,5310.0,other/unknown,0.0,2,TX,0.0
San Antonio,5310.0,black,0.0,22,TX,0.0
San Antonio,5310.0,hispanic,0.0673076923076923,104,TX,0.0
San Antonio,5320.0,black,0.041666666666666664,72,TX,0.026041666666666668
San Antonio,5320.0,hispanic,0.05080213903743316,374,TX,0.026041666666666668
San Antonio,5320.0,other/unknown,0.0,9,TX,0.026041666666666668
San Antonio,5320.0,asian/pacific islander,0.0,5,TX,0.026041666666666668
San Antonio,5330.0,hispanic,0.0,329,TX,0.012987012987012988
San Antonio,5330.0,black,0.0,48,TX,0.012987012987012988
San Antonio,5330.0,asian/pacific islander,0.0,4,TX,0.012987012987012988
San Antonio,5330.0,other/unknown,0.0,15,TX,0.012987012987012988
San Antonio,5340.0,black,0.0,83,TX,0.03225806451612903
San Antonio,5340.0,hispanic,0.005008347245409015,599,TX,0.03225806451612903
San Antonio,5340.0,other/unknown,0.0,13,TX,0.03225806451612903
San Antonio,5340.0,asian/pacific islander,0.0,8,TX,0.03225806451612903
San Antonio,5350.0,other/unknown,0.0,21,TX,0.005050505050505051
San Antonio,5350.0,asian/pacific islander,0.0,24,TX,0.005050505050505051
San Antonio,5350.0,black,0.009216589861751152,217,TX,0.005050505050505051
San Antonio,5350.0,hispanic,0.0028328611898017,1059,TX,0.005050505050505051
San Antonio,5360.0,other/unknown,0.0,8,TX,0.003355704697986577
San Antonio,5360.0,asian/pacific islander,0.0,9,TX,0.003355704697986577
San Antonio,5360.0,hispanic,0.005067567567567568,592,TX,0.003355704697986577
San Antonio,5360.0,black,0.010416666666666666,96,TX,0.003355704697986577
San Antonio,6110.0,black,0.12903225806451613,31,TX,0.015957446808510637
San Antonio,6110.0,hispanic,0.01348314606741573,890,TX,0.015957446808510637
San Antonio,6110.0,asian/pacific islander,0.0,5,TX,0.015957446808510637
San Antonio,6110.0,other/unknown,0.0,18,TX,0.015957446808510637
San Antonio,6120.0,black,0.0196078431372549,204,TX,0.023529411764705882
San Antonio,6120.0,hispanic,0.005144995322731525,2138,TX,0.023529411764705882
San Antonio,6120.0,other/unknown,0.0,21,TX,0.023529411764705882
San Antonio,6120.0,asian/pacific islander,0.0,13,TX,0.023529411764705882
San Antonio,6130.0,hispanic,0.02493765586034913,802,TX,0.03862660944206009
San Antonio,6130.0,asian/pacific islander,0.0,5,TX,0.03862660944206009
San Antonio,6130.0,other/unknown,0.0,8,TX,0.03862660944206009
San Antonio,6130.0,black,0.0,28,TX,0.03862660944206009
San Antonio,6140.0,black,0.0,134,TX,0.02157164869029276
San Antonio,6140.0,other/unknown,0.0,21,TX,0.02157164869029276
San Antonio,6140.0,hispanic,0.007681564245810056,1432,TX,0.02157164869029276
San Antonio,6140.0,asian/pacific islander,0.0,17,TX,0.02157164869029276
San Antonio,6150.0,hispanic,0.000581170089112747,5162,TX,0.001402524544179523
San Antonio,6150.0,other/unknown,0.0,72,TX,0.001402524544179523
San Antonio,6150.0,asian/pacific islander,0.0,41,TX,0.001402524544179523
San Antonio,6150.0,black,0.0,482,TX,0.001402524544179523
San Antonio,6160.0,asian/pacific islander,0.0,2,TX,0.011627906976744186
San Antonio,6160.0,other/unknown,0.0,7,TX,0.011627906976744186
San Antonio,6160.0,black,0.0,26,TX,0.011627906976744186
San Antonio,6160.0,hispanic,0.02040816326530612,490,TX,0.011627906976744186
San Antonio,6210.0,other/unknown,0.0,37,TX,0.004549590536851683
San Antonio,6210.0,hispanic,0.0035559067562228367,2531,TX,0.004549590536851683
San Antonio,6210.0,asian/pacific islander,0.0,23,TX,0.004549590536851683
San Antonio,6210.0,black,0.0,333,TX,0.004549590536851683
San Antonio,6220.0,other/unknown,0.0,23,TX,0.04308390022675737
San Antonio,6220.0,hispanic,0.024622716441620333,1259,TX,0.04308390022675737
San Antonio,6220.0,asian/pacific islander,0.0,3,TX,0.04308390022675737
San Antonio,6220.0,black,0.04225352112676056,71,TX,0.04308390022675737
San Antonio,6230.0,hispanic,0.003109452736318408,1608,TX,0.012658227848101266
San Antonio,6230.0,other/unknown,0.0,26,TX,0.012658227848101266
San Antonio,6230.0,asian/pacific islander,0.0,22,TX,0.012658227848101266
San Antonio,6230.0,black,0.0,191,TX,0.012658227848101266
San Antonio,6240.0,asian/pacific islander,0.0,5,TX,0.010186757215619695
San Antonio,6240.0,hispanic,0.006414825374198147,1403,TX,0.010186757215619695
San Antonio,6240.0,black,0.0,145,TX,0.010186757215619695
San Antonio,6240.0,other/unknown,0.0,19,TX,0.010186757215619695
San Antonio,6250.0,hispanic,0.008051529790660225,621,TX,0.035175879396984924
San Antonio,6250.0,other/unknown,0.25,8,TX,0.035175879396984924
San Antonio,6250.0,asian/pacific islander,0.0,3,TX,0.035175879396984924
San Antonio,6250.0,black,0.0,47,TX,0.035175879396984924
San Antonio,6260.0,black,0.005319148936170213,188,TX,0.012474012474012475
San Antonio,6260.0,hispanic,0.013918629550321198,934,TX,0.012474012474012475
San Antonio,6260.0,asian/pacific islander,0.0,25,TX,0.012474012474012475
San Antonio,6260.0,other/unknown,0.0,29,TX,0.012474012474012475
San Antonio,6270.0,other/unknown,0.0,11,TX,0.027149321266968326
San Antonio,6270.0,black,0.0,43,TX,0.027149321266968326
San Antonio,6270.0,asian/pacific islander,0.0,1,TX,0.027149321266968326
San Antonio,6270.0,hispanic,0.01405152224824356,427,TX,0.027149321266968326
San Antonio,6280.0,hispanic,0.0,143,TX,0.0
San Antonio,6280.0,asian/pacific islander,0.0,4,TX,0.0
San Antonio,6280.0,other/unknown,0.0,6,TX,0.0
San Antonio,6280.0,black,0.0,18,TX,0.0
San Antonio,6310.0,black,0.058823529411764705,68,TX,0.03367875647668394
San Antonio,6310.0,hispanic,0.0115990057995029,1207,TX,0.03367875647668394
San Antonio,6310.0,other/unknown,0.0,12,TX,0.03367875647668394
San Antonio,6310.0,asian/pacific islander,0.0,5,TX,0.03367875647668394
San Antonio,6320.0,hispanic,0.02127659574468085,1034,TX,0.0547945205479452
San Antonio,6320.0,asian/pacific islander,0.0,4,TX,0.0547945205479452
San Antonio,6320.0,other/unknown,0.0,15,TX,0.0547945205479452
San Antonio,6320.0,black,0.0,42,TX,0.0547945205479452
San Antonio,6330.0,black,0.0,109,TX,0.03669724770642202
San Antonio,6330.0,asian/pacific islander,0.0,10,TX,0.03669724770642202
San Antonio,6330.0,other/unknown,0.0,11,TX,0.03669724770642202
San Antonio,6330.0,hispanic,0.023174971031286212,863,TX,0.03669724770642202
San Antonio,6340.0,asian/pacific islander,0.0,1,TX,0.08088235294117647
San Antonio,6340.0,other/unknown,0.0,3,TX,0.08088235294117647
San Antonio,6340.0,hispanic,0.054313099041533544,313,TX,0.08088235294117647
San Antonio,6340.0,black,0.15384615384615385,13,TX,0.08088235294117647
San Antonio,6350.0,other/unknown,0.1111111111111111,9,TX,0.08208955223880597
San Antonio,6350.0,black,0.0,22,TX,0.08208955223880597
San Antonio,6350.0,asian/pacific islander,0.0,1,TX,0.08208955223880597
San Antonio,6350.0,hispanic,0.0273972602739726,292,TX,0.08208955223880597
San Antonio,6360.0,other/unknown,0.0,66,TX,0.010899182561307902
San Antonio,6360.0,black,0.0,272,TX,0.010899182561307902
San Antonio,6360.0,asian/pacific islander,0.0,35,TX,0.010899182561307902
San Antonio,6360.0,hispanic,0.012234385061171926,1553,TX,0.010899182561307902
San Antonio,7110.0,black,0.0425531914893617,47,TX,0.0136986301369863
San Antonio,7110.0,hispanic,0.04591836734693878,196,TX,0.0136986301369863
San Antonio,7110.0,other/unknown,0.0,13,TX,0.0136986301369863
San Antonio,7110.0,asian/pacific islander,0.0,5,TX,0.0136986301369863
San Antonio,7120.0,black,0.06521739130434782,92,TX,0.02356902356902357
San Antonio,7120.0,hispanic,0.03459119496855346,318,TX,0.02356902356902357
San Antonio,7120.0,asian/pacific islander,0.0,13,TX,0.02356902356902357
San Antonio,7120.0,other/unknown,0.0,40,TX,0.02356902356902357
San Antonio,7130.0,hispanic,0.04477611940298507,67,TX,0.06862745098039216
San Antonio,7130.0,black,0.13513513513513514,37,TX,0.06862745098039216
San Antonio,7130.0,asian/pacific islander,0.16666666666666666,6,TX,0.06862745098039216
San Antonio,7130.0,other/unknown,0.0,5,TX,0.06862745098039216
San Antonio,7140.0,black,0.0,77,TX,0.017167381974248927
San Antonio,7140.0,hispanic,0.014450867052023121,346,TX,0.017167381974248927
San Antonio,7140.0,asian/pacific islander,0.14285714285714285,7,TX,0.017167381974248927
San Antonio,7140.0,other/unknown,0.0,14,TX,0.017167381974248927
San Antonio,7150.0,black,0.11320754716981132,53,TX,0.05384615384615385
San Antonio,7150.0,asian/pacific islander,0.0,7,TX,0.05384615384615385
San Antonio,7150.0,hispanic,0.016304347826086956,184,TX,0.05384615384615385
San Antonio,7150.0,other/unknown,0.1111111111111111,18,TX,0.05384615384615385
San Antonio,7160.0,other/unknown,0.0,9,TX,0.01910828025477707
San Antonio,7160.0,black,0.08771929824561403,57,TX,0.01910828025477707
San Antonio,7160.0,hispanic,0.06164383561643835,146,TX,0.01910828025477707
San Antonio,7160.0,asian/pacific islander,0.0,3,TX,0.01910828025477707
San Antonio,7210.0,asian/pacific islander,0.0,5,TX,0.011363636363636364
San Antonio,7210.0,black,0.0,79,TX,0.011363636363636364
San Antonio,7210.0,hispanic,0.003236245954692557,309,TX,0.011363636363636364
San Antonio,7210.0,other/unknown,0.0,25,TX,0.011363636363636364
San Antonio,7220.0,hispanic,0.0,602,TX,0.0
San Antonio,7220.0,other/unknown,0.0,15,TX,0.0
San Antonio,7220.0,asian/pacific islander,0.0,15,TX,0.0
San Antonio,7220.0,black,0.0,170,TX,0.0
San Antonio,7230.0,black,0.03333333333333333,60,TX,0.025806451612903226
San Antonio,7230.0,hispanic,0.042801556420233464,257,TX,0.025806451612903226
San Antonio,7230.0,other/unknown,0.0,23,TX,0.025806451612903226
San Antonio,7230.0,asian/pacific islander,0.0,21,TX,0.025806451612903226
San Antonio,7240.0,hispanic,0.008988764044943821,445,TX,0.00922509225092251
San Antonio,7240.0,asian/pacific islander,0.0,20,TX,0.00922509225092251
San Antonio,7240.0,black,0.0,85,TX,0.00922509225092251
San Antonio,7240.0,other/unknown,0.0,24,TX,0.00922509225092251
San Antonio,7250.0,asian/pacific islander,0.0,20,TX,0.005509641873278237
San Antonio,7250.0,other/unknown,0.0,38,TX,0.005509641873278237
San Antonio,7250.0,hispanic,0.010025062656641603,399,TX,0.005509641873278237
San Antonio,7250.0,black,0.013157894736842105,152,TX,0.005509641873278237
San Antonio,7260.0,asian/pacific islander,0.009523809523809525,105,TX,0.0028346456692913387
San Antonio,7260.0,other/unknown,0.006493506493506494,154,TX,0.0028346456692913387
San Antonio,7260.0,hispanic,0.0021767522855899,2297,TX,0.0028346456692913387
San Antonio,7260.0,black,0.0,580,TX,0.0028346456692913387
San Antonio,7310.0,hispanic,0.011494252873563218,87,TX,0.07476635514018691
San Antonio,7310.0,asian/pacific islander,0.0,12,TX,0.07476635514018691
San Antonio,7310.0,other/unknown,0.0,12,TX,0.07476635514018691
San Antonio,7310.0,black,0.0,24,TX,0.07476635514018691
San Antonio,7320.0,black,0.05128205128205128,39,TX,0.004032258064516129
San Antonio,7320.0,other/unknown,0.0,9,TX,0.004032258064516129
San Antonio,7320.0,hispanic,0.0,278,TX,0.004032258064516129
San Antonio,7320.0,asian/pacific islander,0.0,11,TX,0.004032258064516129
San Antonio,7330.0,other/unknown,0.0,13,TX,0.0196078431372549
San Antonio,7330.0,hispanic,0.025925925925925925,270,TX,0.0196078431372549
San Antonio,7330.0,black,0.05,40,TX,0.0196078431372549
San Antonio,7330.0,asian/pacific islander,0.0,11,TX,0.0196078431372549
San Antonio,7340.0,hispanic,0.004154447702834799,4092,TX,0.007279029462738302
San Antonio,7340.0,black,0.009888751545117428,809,TX,0.007279029462738302
San Antonio,7340.0,asian/pacific islander,0.017391304347826087,115,TX,0.007279029462738302
San Antonio,7340.0,other/unknown,0.006134969325153374,163,TX,0.007279029462738302
San Antonio,7350.0,hispanic,0.009478672985781991,211,TX,0.013215859030837005
San Antonio,7350.0,other/unknown,0.0,29,TX,0.013215859030837005
San Antonio,7350.0,asian/pacific islander,0.0,19,TX,0.013215859030837005
San Antonio,7350.0,black,0.0,32,TX,0.013215859030837005
San Antonio,7360.0,hispanic,0.0,475,TX,0.015424164524421594
San Antonio,7360.0,other/unknown,0.0,17,TX,0.015424164524421594
San Antonio,7360.0,black,0.025,80,TX,0.015424164524421594
San Antonio,7360.0,asian/pacific islander,0.0,16,TX,0.015424164524421594
San Antonio,7370.0,black,0.0,14,TX,0.21666666666666667
San Antonio,7370.0,asian/pacific islander,0.0,4,TX,0.21666666666666667
San Antonio,7370.0,hispanic,0.01282051282051282,78,TX,0.21666666666666667
San Diego,130,black,0.0,1,CA,0.25
San Diego,130,hispanic,0.0,2,CA,0.25
San Diego,530,asian/pacific islander,0.0,8,CA,0.0
San Diego,530,black,0.0,4,CA,0.0
San Diego,530,hispanic,0.06666666666666667,15,CA,0.0
San Diego,530,other/unknown,0.0,4,CA,0.0
San Diego,630,asian/pacific islander,0.0,6,CA,0.0
San Diego,630,black,0.0,1,CA,0.0
San Diego,630,hispanic,0.0,5,CA,0.0
San Diego,840,other/unknown,0.0,1,CA,0.0
